month,total_amount
2024-01,369969.19
2024-02,781008.78
2024-03,86874.36000000002
2024-04,399424.3
2024-05,345433.43
2024-06,434232.31999999995
2024-07,119980.40999999999
2024-08,29640.079999999998
